Comment,Designator,Footprint,LCSC
100nF,C4,C_0603_1608Metric_Pad1.08x0.95mm_HandSolder,C1591
1uF,"C1,C2",C_0603_1608Metric_Pad1.08x0.95mm_HandSolder,C1592
100K,R4,R_0805_2012Metric_Pad1.20x1.40mm_HandSolder,C161786
TPS54308,U3,SOT-23-6_Handsoldering,C168839
13.7K,R5,R_0805_2012Metric_Pad1.20x1.40mm_HandSolder,C2077587
2.2uF,C3,C_0603_1608Metric_Pad1.08x0.95mm_HandSolder,C307463
33uF,C5,C_0805_2012Metric_Pad1.18x1.45mm_HandSolder,C342635
SN74LVC1T45DRL,U2,SOT-563,C352970
470,R1,R_0603_1608Metric_Pad0.98x0.95mm_HandSolder,C491208
10uH,L1,CYA0630,C5189958
470uF,C6,CP_Elec_8x10.5,C5456767
4.7K,"R2,R3",R_0603_1608Metric_Pad0.98x0.95mm_HandSolder,C844791
ESP32-C3_SUPERMINI,U1,MODULE_ESP32-C3_SUPERMINI_CASTELLATED,
